resid,mutation,atp,rna,d1a_d1r,d1a_d2a,d1a_d2r,d1a_d3r,d1r_d2r,d2a_d2r
290,A,-1,0,-1.9157,-38.0055,-56.0629,-62.4458,31.5941,0.0000
290,N,-1,0,-5.2278,-40.0775,-52.6427,-63.4470,31.5941,0.0000
291,A,-1,0,-8.4358,-66.5081,-41.6342,-9.7987,44.4977,0.0000
291,Q,-1,0,-4.4765,-53.3975,-30.7117,-4.5894,39.9682,0.0000
292,S,-1,0,0.5940,1.2620,-6.6594,-1.2393,0.0000,0.0000
292,A,-1,0,-6.8807,1.7324,-3.5783,6.2943,0.0000,0.0000
293,A,1,1,4.5292,1.4278,-80.6921,0.0000,0.0000,0.0000
293,K,-1,1,-14.7208,56.9115,-17.7006,0.0000,0.0000,0.0000
293,Q,-1,1,0.0477,-1.0184,-80.6921,0.0000,0.0000,0.0000
322,A,-1,1,1.4342,-12.1686,-13.2311,3.0843,3.0549,0.0000
324,A,-1,0,1.5718,-62.2969,-28.5936,0.0000,6.2158,0.0000
369,A,0,0,0.0000,0.0000,-3.5783,0.0000,0.0000,-3.5252
369,K,1,1,0.0000,0.0000,0.0000,0.0000,0.7007,3.8882
432,D,-1,-1,0.0000,0.0000,0.0000,0.0000,-7.6445,1.7360
432,R,1,0,0.0000,0.0000,0.0000,0.0000,-13.4114,7.8272
460,A,-1,0,0.0000,-52.6575,-0.0000,0.0000,-0.0087,9.4589
460,H,-1,1,0.0000,0.0000,-0.0000,0.0000,-0.0087,-3.9576
461,A,-1,0,0.0000,-70.7463,6.9208,0.0000,-6.8724,-1.6868
461,Q,-1,-1,0.0000,-70.7463,6.9208,0.0000,-6.8724,9.8970
462,A,1,0,0.0000,16.1040,-0.0000,0.0000,6.0766,-34.5518
462,L,-1,-1,0.0000,16.1040,0.0000,0.0000,6.0766,-37.7666
464,A,-1,0,0.0000,30.0990,0.0000,0.0000,6.0766,-59.5830
493,K,1,1,0.0000,0.0000,0.0000,-10.6004,-10.5810,0.0000
493,Q,1,1,0.0000,0.0000,0.0000,12.8138,-2.5771,0.0000
